0,/home/chinchilla/Documentos/Tablas/Time.py,/home/chinchilla/Documentos/Tablas,hola,Time.py.enc,2.58,50
1,/home/chinchilla/Documentos/archivo nuevo,/home/chinchilla/Documentos,H,archivo nuevo.enc,2.51,0
2,/home/chinchilla/Documentos/CuadroDialogo/Archivo1.txt,/home/chinchilla/Documentos/CuadroDialogo,h,Archivo1.txt.enc,2.48,0
3,/home/chinchilla/Documentos/TAREA DE CIRCUITOS ELECTRICOS.docx,/home/chinchilla/Documentos/Proyecto2,Otra,TAREA DE CIRCUITOS ELECTRICOS.docx.enc,2.48,13226
4,/home/chinchilla/Documentos/archivo nuevo,/home/chinchilla/Documentos/Proyecto2/AES_256,h,archivo nuevo.enc,2.55,0
5,/home/chinchilla/Documentos/TAREA DE CIRCUITOS ELECTRICOS.docx,/home/chinchilla/Documentos,h,TAREA DE CIRCUITOS ELECTRICOS.docx.enc,2.53,13226
